lon,lat
-58.538143,-34.705557
-58.535799,-34.705557
-58.533454,-34.705557
-58.531109,-34.705557
-58.528765,-34.705557
-58.526420,-34.705557
-58.524074,-34.705557
-58.521729,-34.705557
-58.519384,-34.705557
-58.517038,-34.705557
-58.514692,-34.705557
-58.512346,-34.705557
-58.510000,-34.705557
-58.507654,-34.705557
-58.505308,-34.705557
-58.502961,-34.705557
-58.500614,-34.705557
-58.498267,-34.705557
-58.495920,-34.705557
-58.493573,-34.705557
-58.491226,-34.705557
-58.488878,-34.705557
-58.486531,-34.705557
-58.484183,-34.705557
-58.481835,-34.705557
-58.479487,-34.705557
-58.477138,-34.705557
-58.474790,-34.705557
-58.472441,-34.705557
-58.470093,-34.705557
-58.467744,-34.705557
-58.465395,-34.705557
-58.463045,-34.705557
-58.460696,-34.705557
-58.458346,-34.705557
-58.455997,-34.705557
-58.453647,-34.705557
-58.451297,-34.705557
-58.448947,-34.705557
-58.446596,-34.705557
-58.444246,-34.705557
-58.441895,-34.705557
-58.439544,-34.705557
-58.437193,-34.705557
-58.434842,-34.705557
-58.432491,-34.705557
-58.430140,-34.705557
-58.427788,-34.705557
-58.425436,-34.705557
-58.423084,-34.705557
-58.420732,-34.705557
-58.418380,-34.705557
-58.416028,-34.705557
-58.413675,-34.705557
-58.411322,-34.705557
-58.408970,-34.705557
-58.406617,-34.705557
-58.404263,-34.705557
-58.401910,-34.705557
-58.399557,-34.705557
-58.397203,-34.705557
-58.394849,-34.705557
-58.392495,-34.705557
-58.390141,-34.705557
-58.387787,-34.705557
-58.385433,-34.705557
-58.383078,-34.705557
-58.380723,-34.705557
-58.378368,-34.705557
-58.376013,-34.705557
-58.373658,-34.705557
-58.371303,-34.705557
-58.368947,-34.705557
-58.366592,-34.705557
-58.364236,-34.705557
-58.361880,-34.705557
-58.359524,-34.705557
-58.357167,-34.705557
-58.354811,-34.705557
-58.352454,-34.705557
-58.538143,-34.701065
-58.535799,-34.701065
-58.533454,-34.701065
-58.531109,-34.701065
-58.528765,-34.701065
-58.526420,-34.701065
-58.524074,-34.701065
-58.521729,-34.701065
-58.519384,-34.701065
-58.517038,-34.701065
-58.514692,-34.701065
-58.512346,-34.701065
-58.510000,-34.701065
-58.507654,-34.701065
-58.505308,-34.701065
-58.502961,-34.701065
-58.500614,-34.701065
-58.498267,-34.701065
-58.495920,-34.701065
-58.493573,-34.701065
-58.491226,-34.701065
-58.488878,-34.701065
-58.486531,-34.701065
-58.484183,-34.701065
-58.481835,-34.701065
-58.479487,-34.701065
-58.477138,-34.701065
-58.474790,-34.701065
-58.472441,-34.701065
-58.470093,-34.701065
-58.467744,-34.701065
-58.465395,-34.701065
-58.463045,-34.701065
-58.460696,-34.701065
-58.458346,-34.701065
-58.455997,-34.701065
-58.453647,-34.701065
-58.451297,-34.701065
-58.448947,-34.701065
-58.446596,-34.701065
-58.444246,-34.701065
-58.441895,-34.701065
-58.439544,-34.701065
-58.437193,-34.701065
-58.434842,-34.701065
-58.432491,-34.701065
-58.430140,-34.701065
-58.427788,-34.701065
-58.425436,-34.701065
-58.423084,-34.701065
-58.420732,-34.701065
-58.418380,-34.701065
-58.416028,-34.701065
-58.413675,-34.701065
-58.411322,-34.701065
-58.408970,-34.701065
-58.406617,-34.701065
-58.404263,-34.701065
-58.401910,-34.701065
-58.399557,-34.701065
-58.397203,-34.701065
-58.394849,-34.701065
-58.392495,-34.701065
-58.390141,-34.701065
-58.387787,-34.701065
-58.385433,-34.701065
-58.383078,-34.701065
-58.380723,-34.701065
-58.378368,-34.701065
-58.376013,-34.701065
-58.373658,-34.701065
-58.371303,-34.701065
-58.368947,-34.701065
-58.366592,-34.701065
-58.364236,-34.701065
-58.361880,-34.701065
-58.359524,-34.701065
-58.357167,-34.701065
-58.354811,-34.701065
-58.352454,-34.701065
-58.538143,-34.696574
-58.535799,-34.696574
-58.533454,-34.696574
-58.531109,-34.696574
-58.528765,-34.696574
-58.526420,-34.696574
-58.524074,-34.696574
-58.521729,-34.696574
-58.519384,-34.696574
-58.517038,-34.696574
-58.514692,-34.696574
-58.512346,-34.696574
-58.510000,-34.696574
-58.507654,-34.696574
-58.505308,-34.696574
-58.502961,-34.696574
-58.500614,-34.696574
-58.498267,-34.696574
-58.495920,-34.696574
-58.493573,-34.696574
-58.491226,-34.696574
-58.488878,-34.696574
-58.486531,-34.696574
-58.484183,-34.696574
-58.481835,-34.696574
-58.479487,-34.696574
-58.477138,-34.696574
-58.474790,-34.696574
-58.472441,-34.696574
-58.470093,-34.696574
-58.467744,-34.696574
-58.465395,-34.696574
-58.463045,-34.696574
-58.460696,-34.696574
-58.458346,-34.696574
-58.455997,-34.696574
-58.453647,-34.696574
-58.451297,-34.696574
-58.448947,-34.696574
-58.446596,-34.696574
-58.444246,-34.696574
-58.441895,-34.696574
-58.439544,-34.696574
-58.437193,-34.696574
-58.434842,-34.696574
-58.432491,-34.696574
-58.430140,-34.696574
-58.427788,-34.696574
-58.425436,-34.696574
-58.423084,-34.696574
-58.420732,-34.696574
-58.418380,-34.696574
-58.416028,-34.696574
-58.413675,-34.696574
-58.411322,-34.696574
-58.408970,-34.696574
-58.406617,-34.696574
-58.404263,-34.696574
-58.401910,-34.696574
-58.399557,-34.696574
-58.397203,-34.696574
-58.394849,-34.696574
-58.392495,-34.696574
-58.390141,-34.696574
-58.387787,-34.696574
-58.385433,-34.696574
-58.383078,-34.696574
-58.380723,-34.696574
-58.378368,-34.696574
-58.376013,-34.696574
-58.373658,-34.696574
-58.371303,-34.696574
-58.368947,-34.696574
-58.366592,-34.696574
-58.364236,-34.696574
-58.361880,-34.696574
-58.359524,-34.696574
-58.357167,-34.696574
-58.354811,-34.696574
-58.352454,-34.696574
-58.538143,-34.692082
-58.535799,-34.692082
-58.533454,-34.692082
-58.531109,-34.692082
-58.528765,-34.692082
-58.526420,-34.692082
-58.524074,-34.692082
-58.521729,-34.692082
-58.519384,-34.692082
-58.517038,-34.692082
-58.514692,-34.692082
-58.512346,-34.692082
-58.510000,-34.692082
-58.507654,-34.692082
-58.505308,-34.692082
-58.502961,-34.692082
-58.500614,-34.692082
-58.498267,-34.692082
-58.495920,-34.692082
-58.493573,-34.692082
-58.491226,-34.692082
-58.488878,-34.692082
-58.486531,-34.692082
-58.484183,-34.692082
-58.481835,-34.692082
-58.479487,-34.692082
-58.477138,-34.692082
-58.474790,-34.692082
-58.472441,-34.692082
-58.470093,-34.692082
-58.467744,-34.692082
-58.465395,-34.692082
-58.463045,-34.692082
-58.460696,-34.692082
-58.458346,-34.692082
-58.455997,-34.692082
-58.453647,-34.692082
-58.451297,-34.692082
-58.448947,-34.692082
-58.446596,-34.692082
-58.444246,-34.692082
-58.441895,-34.692082
-58.439544,-34.692082
-58.437193,-34.692082
-58.434842,-34.692082
-58.432491,-34.692082
-58.430140,-34.692082
-58.427788,-34.692082
-58.425436,-34.692082
-58.423084,-34.692082
-58.420732,-34.692082
-58.418380,-34.692082
-58.416028,-34.692082
-58.413675,-34.692082
-58.411322,-34.692082
-58.408970,-34.692082
-58.406617,-34.692082
-58.404263,-34.692082
-58.401910,-34.692082
-58.399557,-34.692082
-58.397203,-34.692082
-58.394849,-34.692082
-58.392495,-34.692082
-58.390141,-34.692082
-58.387787,-34.692082
-58.385433,-34.692082
-58.383078,-34.692082
-58.380723,-34.692082
-58.378368,-34.692082
-58.376013,-34.692082
-58.373658,-34.692082
-58.371303,-34.692082
-58.368947,-34.692082
-58.366592,-34.692082
-58.364236,-34.692082
-58.361880,-34.692082
-58.359524,-34.692082
-58.357167,-34.692082
-58.354811,-34.692082
-58.352454,-34.692082
-58.538143,-34.687591
-58.535799,-34.687591
-58.533454,-34.687591
-58.531109,-34.687591
-58.528765,-34.687591
-58.526420,-34.687591
-58.524074,-34.687591
-58.521729,-34.687591
-58.519384,-34.687591
-58.517038,-34.687591
-58.514692,-34.687591
-58.512346,-34.687591
-58.510000,-34.687591
-58.507654,-34.687591
-58.505308,-34.687591
-58.502961,-34.687591
-58.500614,-34.687591
-58.498267,-34.687591
-58.495920,-34.687591
-58.493573,-34.687591
-58.491226,-34.687591
-58.488878,-34.687591
-58.486531,-34.687591
-58.484183,-34.687591
-58.481835,-34.687591
-58.479487,-34.687591
-58.477138,-34.687591
-58.474790,-34.687591
-58.472441,-34.687591
-58.470093,-34.687591
-58.467744,-34.687591
-58.465395,-34.687591
-58.463045,-34.687591
-58.460696,-34.687591
-58.458346,-34.687591
-58.455997,-34.687591
-58.453647,-34.687591
-58.451297,-34.687591
-58.448947,-34.687591
-58.446596,-34.687591
-58.444246,-34.687591
-58.441895,-34.687591
-58.439544,-34.687591
-58.437193,-34.687591
-58.434842,-34.687591
-58.432491,-34.687591
-58.430140,-34.687591
-58.427788,-34.687591
-58.425436,-34.687591
-58.423084,-34.687591
-58.420732,-34.687591
-58.418380,-34.687591
-58.416028,-34.687591
-58.413675,-34.687591
-58.411322,-34.687591
-58.408970,-34.687591
-58.406617,-34.687591
-58.404263,-34.687591
-58.401910,-34.687591
-58.399557,-34.687591
-58.397203,-34.687591
-58.394849,-34.687591
-58.392495,-34.687591
-58.390141,-34.687591
-58.387787,-34.687591
-58.385433,-34.687591
-58.383078,-34.687591
-58.380723,-34.687591
-58.378368,-34.687591
-58.376013,-34.687591
-58.373658,-34.687591
-58.371303,-34.687591
-58.368947,-34.687591
-58.366592,-34.687591
-58.364236,-34.687591
-58.361880,-34.687591
-58.359524,-34.687591
-58.357167,-34.687591
-58.354811,-34.687591
-58.352454,-34.687591
-58.538143,-34.683099
-58.535799,-34.683099
-58.533454,-34.683099
-58.531109,-34.683099
-58.528765,-34.683099
-58.526420,-34.683099
-58.524074,-34.683099
-58.521729,-34.683099
-58.519384,-34.683099
-58.517038,-34.683099
-58.514692,-34.683099
-58.512346,-34.683099
-58.510000,-34.683099
-58.507654,-34.683099
-58.505308,-34.683099
-58.502961,-34.683099
-58.500614,-34.683099
-58.498267,-34.683099
-58.495920,-34.683099
-58.493573,-34.683099
-58.491226,-34.683099
-58.488878,-34.683099
-58.486531,-34.683099
-58.484183,-34.683099
-58.481835,-34.683099
-58.479487,-34.683099
-58.477138,-34.683099
-58.474790,-34.683099
-58.472441,-34.683099
-58.470093,-34.683099
-58.467744,-34.683099
-58.465395,-34.683099
-58.463045,-34.683099
-58.460696,-34.683099
-58.458346,-34.683099
-58.455997,-34.683099
-58.453647,-34.683099
-58.451297,-34.683099
-58.448947,-34.683099
-58.446596,-34.683099
-58.444246,-34.683099
-58.441895,-34.683099
-58.439544,-34.683099
-58.437193,-34.683099
-58.434842,-34.683099
-58.432491,-34.683099
-58.430140,-34.683099
-58.427788,-34.683099
-58.425436,-34.683099
-58.423084,-34.683099
-58.420732,-34.683099
-58.418380,-34.683099
-58.416028,-34.683099
-58.413675,-34.683099
-58.411322,-34.683099
-58.408970,-34.683099
-58.406617,-34.683099
-58.404263,-34.683099
-58.401910,-34.683099
-58.399557,-34.683099
-58.397203,-34.683099
-58.394849,-34.683099
-58.392495,-34.683099
-58.390141,-34.683099
-58.387787,-34.683099
-58.385433,-34.683099
-58.383078,-34.683099
-58.380723,-34.683099
-58.378368,-34.683099
-58.376013,-34.683099
-58.373658,-34.683099
-58.371303,-34.683099
-58.368947,-34.683099
-58.366592,-34.683099
-58.364236,-34.683099
-58.361880,-34.683099
-58.359524,-34.683099
-58.357167,-34.683099
-58.354811,-34.683099
-58.352454,-34.683099
-58.538143,-34.678608
-58.535799,-34.678608
-58.533454,-34.678608
-58.531109,-34.678608
-58.528765,-34.678608
-58.526420,-34.678608
-58.524074,-34.678608
-58.521729,-34.678608
-58.519384,-34.678608
-58.517038,-34.678608
-58.514692,-34.678608
-58.512346,-34.678608
-58.510000,-34.678608
-58.507654,-34.678608
-58.505308,-34.678608
-58.502961,-34.678608
-58.500614,-34.678608
-58.498267,-34.678608
-58.495920,-34.678608
-58.493573,-34.678608
-58.491226,-34.678608
-58.488878,-34.678608
-58.486531,-34.678608
-58.484183,-34.678608
-58.481835,-34.678608
-58.479487,-34.678608
-58.477138,-34.678608
-58.474790,-34.678608
-58.472441,-34.678608
-58.470093,-34.678608
-58.467744,-34.678608
-58.465395,-34.678608
-58.463045,-34.678608
-58.460696,-34.678608
-58.458346,-34.678608
-58.455997,-34.678608
-58.453647,-34.678608
-58.451297,-34.678608
-58.448947,-34.678608
-58.446596,-34.678608
-58.444246,-34.678608
-58.441895,-34.678608
-58.439544,-34.678608
-58.437193,-34.678608
-58.434842,-34.678608
-58.432491,-34.678608
-58.430140,-34.678608
-58.427788,-34.678608
-58.425436,-34.678608
-58.423084,-34.678608
-58.420732,-34.678608
-58.418380,-34.678608
-58.416028,-34.678608
-58.413675,-34.678608
-58.411322,-34.678608
-58.408970,-34.678608
-58.406617,-34.678608
-58.404263,-34.678608
-58.401910,-34.678608
-58.399557,-34.678608
-58.397203,-34.678608
-58.394849,-34.678608
-58.392495,-34.678608
-58.390141,-34.678608
-58.387787,-34.678608
-58.385433,-34.678608
-58.383078,-34.678608
-58.380723,-34.678608
-58.378368,-34.678608
-58.376013,-34.678608
-58.373658,-34.678608
-58.371303,-34.678608
-58.368947,-34.678608
-58.366592,-34.678608
-58.364236,-34.678608
-58.361880,-34.678608
-58.359524,-34.678608
-58.357167,-34.678608
-58.354811,-34.678608
-58.352454,-34.678608
-58.538143,-34.674116
-58.535799,-34.674116
-58.533454,-34.674116
-58.531109,-34.674116
-58.528765,-34.674116
-58.526420,-34.674116
-58.524074,-34.674116
-58.521729,-34.674116
-58.519384,-34.674116
-58.517038,-34.674116
-58.514692,-34.674116
-58.512346,-34.674116
-58.510000,-34.674116
-58.507654,-34.674116
-58.505308,-34.674116
-58.502961,-34.674116
-58.500614,-34.674116
-58.498267,-34.674116
-58.495920,-34.674116
-58.493573,-34.674116
-58.491226,-34.674116
-58.488878,-34.674116
-58.486531,-34.674116
-58.484183,-34.674116
-58.481835,-34.674116
-58.479487,-34.674116
-58.477138,-34.674116
-58.474790,-34.674116
-58.472441,-34.674116
-58.470093,-34.674116
-58.467744,-34.674116
-58.465395,-34.674116
-58.463045,-34.674116
-58.460696,-34.674116
-58.458346,-34.674116
-58.455997,-34.674116
-58.453647,-34.674116
-58.451297,-34.674116
-58.448947,-34.674116
-58.446596,-34.674116
-58.444246,-34.674116
-58.441895,-34.674116
-58.439544,-34.674116
-58.437193,-34.674116
-58.434842,-34.674116
-58.432491,-34.674116
-58.430140,-34.674116
-58.427788,-34.674116
-58.425436,-34.674116
-58.423084,-34.674116
-58.420732,-34.674116
-58.418380,-34.674116
-58.416028,-34.674116
-58.413675,-34.674116
-58.411322,-34.674116
-58.408970,-34.674116
-58.406617,-34.674116
-58.404263,-34.674116
-58.401910,-34.674116
-58.399557,-34.674116
-58.397203,-34.674116
-58.394849,-34.674116
-58.392495,-34.674116
-58.390141,-34.674116
-58.387787,-34.674116
-58.385433,-34.674116
-58.383078,-34.674116
-58.380723,-34.674116
-58.378368,-34.674116
-58.376013,-34.674116
-58.373658,-34.674116
-58.371303,-34.674116
-58.368947,-34.674116
-58.366592,-34.674116
-58.364236,-34.674116
-58.361880,-34.674116
-58.359524,-34.674116
-58.357167,-34.674116
-58.354811,-34.674116
-58.352454,-34.674116
-58.538143,-34.669624
-58.535799,-34.669624
-58.533454,-34.669624
-58.531109,-34.669624
-58.528765,-34.669624
-58.526420,-34.669624
-58.524074,-34.669624
-58.521729,-34.669624
-58.519384,-34.669624
-58.517038,-34.669624
-58.514692,-34.669624
-58.512346,-34.669624
-58.510000,-34.669624
-58.507654,-34.669624
-58.505308,-34.669624
-58.502961,-34.669624
-58.500614,-34.669624
-58.498267,-34.669624
-58.495920,-34.669624
-58.493573,-34.669624
-58.491226,-34.669624
-58.488878,-34.669624
-58.486531,-34.669624
-58.484183,-34.669624
-58.481835,-34.669624
-58.479487,-34.669624
-58.477138,-34.669624
-58.474790,-34.669624
-58.472441,-34.669624
-58.470093,-34.669624
-58.467744,-34.669624
-58.465395,-34.669624
-58.463045,-34.669624
-58.460696,-34.669624
-58.458346,-34.669624
-58.455997,-34.669624
-58.453647,-34.669624
-58.451297,-34.669624
-58.448947,-34.669624
-58.446596,-34.669624
-58.444246,-34.669624
-58.441895,-34.669624
-58.439544,-34.669624
-58.437193,-34.669624
-58.434842,-34.669624
-58.432491,-34.669624
-58.430140,-34.669624
-58.427788,-34.669624
-58.425436,-34.669624
-58.423084,-34.669624
-58.420732,-34.669624
-58.418380,-34.669624
-58.416028,-34.669624
-58.413675,-34.669624
-58.411322,-34.669624
-58.408970,-34.669624
-58.406617,-34.669624
-58.404263,-34.669624
-58.401910,-34.669624
-58.399557,-34.669624
-58.397203,-34.669624
-58.394849,-34.669624
-58.392495,-34.669624
-58.390141,-34.669624
-58.387787,-34.669624
-58.385433,-34.669624
-58.383078,-34.669624
-58.380723,-34.669624
-58.378368,-34.669624
-58.376013,-34.669624
-58.373658,-34.669624
-58.371303,-34.669624
-58.368947,-34.669624
-58.366592,-34.669624
-58.364236,-34.669624
-58.361880,-34.669624
-58.359524,-34.669624
-58.357167,-34.669624
-58.354811,-34.669624
-58.352454,-34.669624
-58.538143,-34.665133
-58.535799,-34.665133
-58.533454,-34.665133
-58.531109,-34.665133
-58.528765,-34.665133
-58.526420,-34.665133
-58.524074,-34.665133
-58.521729,-34.665133
-58.519384,-34.665133
-58.517038,-34.665133
-58.514692,-34.665133
-58.512346,-34.665133
-58.510000,-34.665133
-58.507654,-34.665133
-58.505308,-34.665133
-58.502961,-34.665133
-58.500614,-34.665133
-58.498267,-34.665133
-58.495920,-34.665133
-58.493573,-34.665133
-58.491226,-34.665133
-58.488878,-34.665133
-58.486531,-34.665133
-58.484183,-34.665133
-58.481835,-34.665133
-58.479487,-34.665133
-58.477138,-34.665133
-58.474790,-34.665133
-58.472441,-34.665133
-58.470093,-34.665133
-58.467744,-34.665133
-58.465395,-34.665133
-58.463045,-34.665133
-58.460696,-34.665133
-58.458346,-34.665133
-58.455997,-34.665133
-58.453647,-34.665133
-58.451297,-34.665133
-58.448947,-34.665133
-58.446596,-34.665133
-58.444246,-34.665133
-58.441895,-34.665133
-58.439544,-34.665133
-58.437193,-34.665133
-58.434842,-34.665133
-58.432491,-34.665133
-58.430140,-34.665133
-58.427788,-34.665133
-58.425436,-34.665133
-58.423084,-34.665133
-58.420732,-34.665133
-58.418380,-34.665133
-58.416028,-34.665133
-58.413675,-34.665133
-58.411322,-34.665133
-58.408970,-34.665133
-58.406617,-34.665133
-58.404263,-34.665133
-58.401910,-34.665133
-58.399557,-34.665133
-58.397203,-34.665133
-58.394849,-34.665133
-58.392495,-34.665133
-58.390141,-34.665133
-58.387787,-34.665133
-58.385433,-34.665133
-58.383078,-34.665133
-58.380723,-34.665133
-58.378368,-34.665133
-58.376013,-34.665133
-58.373658,-34.665133
-58.371303,-34.665133
-58.368947,-34.665133
-58.366592,-34.665133
-58.364236,-34.665133
-58.361880,-34.665133
-58.359524,-34.665133
-58.357167,-34.665133
-58.354811,-34.665133
-58.352454,-34.665133
-58.538143,-34.660641
-58.535799,-34.660641
-58.533454,-34.660641
-58.531109,-34.660641
-58.528765,-34.660641
-58.526420,-34.660641
-58.524074,-34.660641
-58.521729,-34.660641
-58.519384,-34.660641
-58.517038,-34.660641
-58.514692,-34.660641
-58.512346,-34.660641
-58.510000,-34.660641
-58.507654,-34.660641
-58.505308,-34.660641
-58.502961,-34.660641
-58.500614,-34.660641
-58.498267,-34.660641
-58.495920,-34.660641
-58.493573,-34.660641
-58.491226,-34.660641
-58.488878,-34.660641
-58.486531,-34.660641
-58.484183,-34.660641
-58.481835,-34.660641
-58.479487,-34.660641
-58.477138,-34.660641
-58.474790,-34.660641
-58.472441,-34.660641
-58.470093,-34.660641
-58.467744,-34.660641
-58.465395,-34.660641
-58.463045,-34.660641
-58.460696,-34.660641
-58.458346,-34.660641
-58.455997,-34.660641
-58.453647,-34.660641
-58.451297,-34.660641
-58.448947,-34.660641
-58.446596,-34.660641
-58.444246,-34.660641
-58.441895,-34.660641
-58.439544,-34.660641
-58.437193,-34.660641
-58.434842,-34.660641
-58.432491,-34.660641
-58.430140,-34.660641
-58.427788,-34.660641
-58.425436,-34.660641
-58.423084,-34.660641
-58.420732,-34.660641
-58.418380,-34.660641
-58.416028,-34.660641
-58.413675,-34.660641
-58.411322,-34.660641
-58.408970,-34.660641
-58.406617,-34.660641
-58.404263,-34.660641
-58.401910,-34.660641
-58.399557,-34.660641
-58.397203,-34.660641
-58.394849,-34.660641
-58.392495,-34.660641
-58.390141,-34.660641
-58.387787,-34.660641
-58.385433,-34.660641
-58.383078,-34.660641
-58.380723,-34.660641
-58.378368,-34.660641
-58.376013,-34.660641
-58.373658,-34.660641
-58.371303,-34.660641
-58.368947,-34.660641
-58.366592,-34.660641
-58.364236,-34.660641
-58.361880,-34.660641
-58.359524,-34.660641
-58.357167,-34.660641
-58.354811,-34.660641
-58.352454,-34.660641
-58.538143,-34.656150
-58.535799,-34.656150
-58.533454,-34.656150
-58.531109,-34.656150
-58.528765,-34.656150
-58.526420,-34.656150
-58.524074,-34.656150
-58.521729,-34.656150
-58.519384,-34.656150
-58.517038,-34.656150
-58.514692,-34.656150
-58.512346,-34.656150
-58.510000,-34.656150
-58.507654,-34.656150
-58.505308,-34.656150
-58.502961,-34.656150
-58.500614,-34.656150
-58.498267,-34.656150
-58.495920,-34.656150
-58.493573,-34.656150
-58.491226,-34.656150
-58.488878,-34.656150
-58.486531,-34.656150
-58.484183,-34.656150
-58.481835,-34.656150
-58.479487,-34.656150
-58.477138,-34.656150
-58.474790,-34.656150
-58.472441,-34.656150
-58.470093,-34.656150
-58.467744,-34.656150
-58.465395,-34.656150
-58.463045,-34.656150
-58.460696,-34.656150
-58.458346,-34.656150
-58.455997,-34.656150
-58.453647,-34.656150
-58.451297,-34.656150
-58.448947,-34.656150
-58.446596,-34.656150
-58.444246,-34.656150
-58.441895,-34.656150
-58.439544,-34.656150
-58.437193,-34.656150
-58.434842,-34.656150
-58.432491,-34.656150
-58.430140,-34.656150
-58.427788,-34.656150
-58.425436,-34.656150
-58.423084,-34.656150
-58.420732,-34.656150
-58.418380,-34.656150
-58.416028,-34.656150
-58.413675,-34.656150
-58.411322,-34.656150
-58.408970,-34.656150
-58.406617,-34.656150
-58.404263,-34.656150
-58.401910,-34.656150
-58.399557,-34.656150
-58.397203,-34.656150
-58.394849,-34.656150
-58.392495,-34.656150
-58.390141,-34.656150
-58.387787,-34.656150
-58.385433,-34.656150
-58.383078,-34.656150
-58.380723,-34.656150
-58.378368,-34.656150
-58.376013,-34.656150
-58.373658,-34.656150
-58.371303,-34.656150
-58.368947,-34.656150
-58.366592,-34.656150
-58.364236,-34.656150
-58.361880,-34.656150
-58.359524,-34.656150
-58.357167,-34.656150
-58.354811,-34.656150
-58.352454,-34.656150
-58.538143,-34.651658
-58.535799,-34.651658
-58.533454,-34.651658
-58.531109,-34.651658
-58.528765,-34.651658
-58.526420,-34.651658
-58.524074,-34.651658
-58.521729,-34.651658
-58.519384,-34.651658
-58.517038,-34.651658
-58.514692,-34.651658
-58.512346,-34.651658
-58.510000,-34.651658
-58.507654,-34.651658
-58.505308,-34.651658
-58.502961,-34.651658
-58.500614,-34.651658
-58.498267,-34.651658
-58.495920,-34.651658
-58.493573,-34.651658
-58.491226,-34.651658
-58.488878,-34.651658
-58.486531,-34.651658
-58.484183,-34.651658
-58.481835,-34.651658
-58.479487,-34.651658
-58.477138,-34.651658
-58.474790,-34.651658
-58.472441,-34.651658
-58.470093,-34.651658
-58.467744,-34.651658
-58.465395,-34.651658
-58.463045,-34.651658
-58.460696,-34.651658
-58.458346,-34.651658
-58.455997,-34.651658
-58.453647,-34.651658
-58.451297,-34.651658
-58.448947,-34.651658
-58.446596,-34.651658
-58.444246,-34.651658
-58.441895,-34.651658
-58.439544,-34.651658
-58.437193,-34.651658
-58.434842,-34.651658
-58.432491,-34.651658
-58.430140,-34.651658
-58.427788,-34.651658
-58.425436,-34.651658
-58.423084,-34.651658
-58.420732,-34.651658
-58.418380,-34.651658
-58.416028,-34.651658
-58.413675,-34.651658
-58.411322,-34.651658
-58.408970,-34.651658
-58.406617,-34.651658
-58.404263,-34.651658
-58.401910,-34.651658
-58.399557,-34.651658
-58.397203,-34.651658
-58.394849,-34.651658
-58.392495,-34.651658
-58.390141,-34.651658
-58.387787,-34.651658
-58.385433,-34.651658
-58.383078,-34.651658
-58.380723,-34.651658
-58.378368,-34.651658
-58.376013,-34.651658
-58.373658,-34.651658
-58.371303,-34.651658
-58.368947,-34.651658
-58.366592,-34.651658
-58.364236,-34.651658
-58.361880,-34.651658
-58.359524,-34.651658
-58.357167,-34.651658
-58.354811,-34.651658
-58.352454,-34.651658
-58.538143,-34.647167
-58.535799,-34.647167
-58.533454,-34.647167
-58.531109,-34.647167
-58.528765,-34.647167
-58.526420,-34.647167
-58.524074,-34.647167
-58.521729,-34.647167
-58.519384,-34.647167
-58.517038,-34.647167
-58.514692,-34.647167
-58.512346,-34.647167
-58.510000,-34.647167
-58.507654,-34.647167
-58.505308,-34.647167
-58.502961,-34.647167
-58.500614,-34.647167
-58.498267,-34.647167
-58.495920,-34.647167
-58.493573,-34.647167
-58.491226,-34.647167
-58.488878,-34.647167
-58.486531,-34.647167
-58.484183,-34.647167
-58.481835,-34.647167
-58.479487,-34.647167
-58.477138,-34.647167
-58.474790,-34.647167
-58.472441,-34.647167
-58.470093,-34.647167
-58.467744,-34.647167
-58.465395,-34.647167
-58.463045,-34.647167
-58.460696,-34.647167
-58.458346,-34.647167
-58.455997,-34.647167
-58.453647,-34.647167
-58.451297,-34.647167
-58.448947,-34.647167
-58.446596,-34.647167
-58.444246,-34.647167
-58.441895,-34.647167
-58.439544,-34.647167
-58.437193,-34.647167
-58.434842,-34.647167
-58.432491,-34.647167
-58.430140,-34.647167
-58.427788,-34.647167
-58.425436,-34.647167
-58.423084,-34.647167
-58.420732,-34.647167
-58.418380,-34.647167
-58.416028,-34.647167
-58.413675,-34.647167
-58.411322,-34.647167
-58.408970,-34.647167
-58.406617,-34.647167
-58.404263,-34.647167
-58.401910,-34.647167
-58.399557,-34.647167
-58.397203,-34.647167
-58.394849,-34.647167
-58.392495,-34.647167
-58.390141,-34.647167
-58.387787,-34.647167
-58.385433,-34.647167
-58.383078,-34.647167
-58.380723,-34.647167
-58.378368,-34.647167
-58.376013,-34.647167
-58.373658,-34.647167
-58.371303,-34.647167
-58.368947,-34.647167
-58.366592,-34.647167
-58.364236,-34.647167
-58.361880,-34.647167
-58.359524,-34.647167
-58.357167,-34.647167
-58.354811,-34.647167
-58.352454,-34.647167
-58.538143,-34.642675
-58.535799,-34.642675
-58.533454,-34.642675
-58.531109,-34.642675
-58.528765,-34.642675
-58.526420,-34.642675
-58.524074,-34.642675
-58.521729,-34.642675
-58.519384,-34.642675
-58.517038,-34.642675
-58.514692,-34.642675
-58.512346,-34.642675
-58.510000,-34.642675
-58.507654,-34.642675
-58.505308,-34.642675
-58.502961,-34.642675
-58.500614,-34.642675
-58.498267,-34.642675
-58.495920,-34.642675
-58.493573,-34.642675
-58.491226,-34.642675
-58.488878,-34.642675
-58.486531,-34.642675
-58.484183,-34.642675
-58.481835,-34.642675
-58.479487,-34.642675
-58.477138,-34.642675
-58.474790,-34.642675
-58.472441,-34.642675
-58.470093,-34.642675
-58.467744,-34.642675
-58.465395,-34.642675
-58.463045,-34.642675
-58.460696,-34.642675
-58.458346,-34.642675
-58.455997,-34.642675
-58.453647,-34.642675
-58.451297,-34.642675
-58.448947,-34.642675
-58.446596,-34.642675
-58.444246,-34.642675
-58.441895,-34.642675
-58.439544,-34.642675
-58.437193,-34.642675
-58.434842,-34.642675
-58.432491,-34.642675
-58.430140,-34.642675
-58.427788,-34.642675
-58.425436,-34.642675
-58.423084,-34.642675
-58.420732,-34.642675
-58.418380,-34.642675
-58.416028,-34.642675
-58.413675,-34.642675
-58.411322,-34.642675
-58.408970,-34.642675
-58.406617,-34.642675
-58.404263,-34.642675
-58.401910,-34.642675
-58.399557,-34.642675
-58.397203,-34.642675
-58.394849,-34.642675
-58.392495,-34.642675
-58.390141,-34.642675
-58.387787,-34.642675
-58.385433,-34.642675
-58.383078,-34.642675
-58.380723,-34.642675
-58.378368,-34.642675
-58.376013,-34.642675
-58.373658,-34.642675
-58.371303,-34.642675
-58.368947,-34.642675
-58.366592,-34.642675
-58.364236,-34.642675
-58.361880,-34.642675
-58.359524,-34.642675
-58.357167,-34.642675
-58.354811,-34.642675
-58.352454,-34.642675
-58.538143,-34.638183
-58.535799,-34.638183
-58.533454,-34.638183
-58.531109,-34.638183
-58.528765,-34.638183
-58.526420,-34.638183
-58.524074,-34.638183
-58.521729,-34.638183
-58.519384,-34.638183
-58.517038,-34.638183
-58.514692,-34.638183
-58.512346,-34.638183
-58.510000,-34.638183
-58.507654,-34.638183
-58.505308,-34.638183
-58.502961,-34.638183
-58.500614,-34.638183
-58.498267,-34.638183
-58.495920,-34.638183
-58.493573,-34.638183
-58.491226,-34.638183
-58.488878,-34.638183
-58.486531,-34.638183
-58.484183,-34.638183
-58.481835,-34.638183
-58.479487,-34.638183
-58.477138,-34.638183
-58.474790,-34.638183
-58.472441,-34.638183
-58.470093,-34.638183
-58.467744,-34.638183
-58.465395,-34.638183
-58.463045,-34.638183
-58.460696,-34.638183
-58.458346,-34.638183
-58.455997,-34.638183
-58.453647,-34.638183
-58.451297,-34.638183
-58.448947,-34.638183
-58.446596,-34.638183
-58.444246,-34.638183
-58.441895,-34.638183
-58.439544,-34.638183
-58.437193,-34.638183
-58.434842,-34.638183
-58.432491,-34.638183
-58.430140,-34.638183
-58.427788,-34.638183
-58.425436,-34.638183
-58.423084,-34.638183
-58.420732,-34.638183
-58.418380,-34.638183
-58.416028,-34.638183
-58.413675,-34.638183
-58.411322,-34.638183
-58.408970,-34.638183
-58.406617,-34.638183
-58.404263,-34.638183
-58.401910,-34.638183
-58.399557,-34.638183
-58.397203,-34.638183
-58.394849,-34.638183
-58.392495,-34.638183
-58.390141,-34.638183
-58.387787,-34.638183
-58.385433,-34.638183
-58.383078,-34.638183
-58.380723,-34.638183
-58.378368,-34.638183
-58.376013,-34.638183
-58.373658,-34.638183
-58.371303,-34.638183
-58.368947,-34.638183
-58.366592,-34.638183
-58.364236,-34.638183
-58.361880,-34.638183
-58.359524,-34.638183
-58.357167,-34.638183
-58.354811,-34.638183
-58.352454,-34.638183
-58.538143,-34.633692
-58.535799,-34.633692
-58.533454,-34.633692
-58.531109,-34.633692
-58.528765,-34.633692
-58.526420,-34.633692
-58.524074,-34.633692
-58.521729,-34.633692
-58.519384,-34.633692
-58.517038,-34.633692
-58.514692,-34.633692
-58.512346,-34.633692
-58.510000,-34.633692
-58.507654,-34.633692
-58.505308,-34.633692
-58.502961,-34.633692
-58.500614,-34.633692
-58.498267,-34.633692
-58.495920,-34.633692
-58.493573,-34.633692
-58.491226,-34.633692
-58.488878,-34.633692
-58.486531,-34.633692
-58.484183,-34.633692
-58.481835,-34.633692
-58.479487,-34.633692
-58.477138,-34.633692
-58.474790,-34.633692
-58.472441,-34.633692
-58.470093,-34.633692
-58.467744,-34.633692
-58.465395,-34.633692
-58.463045,-34.633692
-58.460696,-34.633692
-58.458346,-34.633692
-58.455997,-34.633692
-58.453647,-34.633692
-58.451297,-34.633692
-58.448947,-34.633692
-58.446596,-34.633692
-58.444246,-34.633692
-58.441895,-34.633692
-58.439544,-34.633692
-58.437193,-34.633692
-58.434842,-34.633692
-58.432491,-34.633692
-58.430140,-34.633692
-58.427788,-34.633692
-58.425436,-34.633692
-58.423084,-34.633692
-58.420732,-34.633692
-58.418380,-34.633692
-58.416028,-34.633692
-58.413675,-34.633692
-58.411322,-34.633692
-58.408970,-34.633692
-58.406617,-34.633692
-58.404263,-34.633692
-58.401910,-34.633692
-58.399557,-34.633692
-58.397203,-34.633692
-58.394849,-34.633692
-58.392495,-34.633692
-58.390141,-34.633692
-58.387787,-34.633692
-58.385433,-34.633692
-58.383078,-34.633692
-58.380723,-34.633692
-58.378368,-34.633692
-58.376013,-34.633692
-58.373658,-34.633692
-58.371303,-34.633692
-58.368947,-34.633692
-58.366592,-34.633692
-58.364236,-34.633692
-58.361880,-34.633692
-58.359524,-34.633692
-58.357167,-34.633692
-58.354811,-34.633692
-58.352454,-34.633692
-58.538143,-34.629200
-58.535799,-34.629200
-58.533454,-34.629200
-58.531109,-34.629200
-58.528765,-34.629200
-58.526420,-34.629200
-58.524074,-34.629200
-58.521729,-34.629200
-58.519384,-34.629200
-58.517038,-34.629200
-58.514692,-34.629200
-58.512346,-34.629200
-58.510000,-34.629200
-58.507654,-34.629200
-58.505308,-34.629200
-58.502961,-34.629200
-58.500614,-34.629200
-58.498267,-34.629200
-58.495920,-34.629200
-58.493573,-34.629200
-58.491226,-34.629200
-58.488878,-34.629200
-58.486531,-34.629200
-58.484183,-34.629200
-58.481835,-34.629200
-58.479487,-34.629200
-58.477138,-34.629200
-58.474790,-34.629200
-58.472441,-34.629200
-58.470093,-34.629200
-58.467744,-34.629200
-58.465395,-34.629200
-58.463045,-34.629200
-58.460696,-34.629200
-58.458346,-34.629200
-58.455997,-34.629200
-58.453647,-34.629200
-58.451297,-34.629200
-58.448947,-34.629200
-58.446596,-34.629200
-58.444246,-34.629200
-58.441895,-34.629200
-58.439544,-34.629200
-58.437193,-34.629200
-58.434842,-34.629200
-58.432491,-34.629200
-58.430140,-34.629200
-58.427788,-34.629200
-58.425436,-34.629200
-58.423084,-34.629200
-58.420732,-34.629200
-58.418380,-34.629200
-58.416028,-34.629200
-58.413675,-34.629200
-58.411322,-34.629200
-58.408970,-34.629200
-58.406617,-34.629200
-58.404263,-34.629200
-58.401910,-34.629200
-58.399557,-34.629200
-58.397203,-34.629200
-58.394849,-34.629200
-58.392495,-34.629200
-58.390141,-34.629200
-58.387787,-34.629200
-58.385433,-34.629200
-58.383078,-34.629200
-58.380723,-34.629200
-58.378368,-34.629200
-58.376013,-34.629200
-58.373658,-34.629200
-58.371303,-34.629200
-58.368947,-34.629200
-58.366592,-34.629200
-58.364236,-34.629200
-58.361880,-34.629200
-58.359524,-34.629200
-58.357167,-34.629200
-58.354811,-34.629200
-58.352454,-34.629200
-58.538143,-34.624709
-58.535799,-34.624709
-58.533454,-34.624709
-58.531109,-34.624709
-58.528765,-34.624709
-58.526420,-34.624709
-58.524074,-34.624709
-58.521729,-34.624709
-58.519384,-34.624709
-58.517038,-34.624709
-58.514692,-34.624709
-58.512346,-34.624709
-58.510000,-34.624709
-58.507654,-34.624709
-58.505308,-34.624709
-58.502961,-34.624709
-58.500614,-34.624709
-58.498267,-34.624709
-58.495920,-34.624709
-58.493573,-34.624709
-58.491226,-34.624709
-58.488878,-34.624709
-58.486531,-34.624709
-58.484183,-34.624709
-58.481835,-34.624709
-58.479487,-34.624709
-58.477138,-34.624709
-58.474790,-34.624709
-58.472441,-34.624709
-58.470093,-34.624709
-58.467744,-34.624709
-58.465395,-34.624709
-58.463045,-34.624709
-58.460696,-34.624709
-58.458346,-34.624709
-58.455997,-34.624709
-58.453647,-34.624709
-58.451297,-34.624709
-58.448947,-34.624709
-58.446596,-34.624709
-58.444246,-34.624709
-58.441895,-34.624709
-58.439544,-34.624709
-58.437193,-34.624709
-58.434842,-34.624709
-58.432491,-34.624709
-58.430140,-34.624709
-58.427788,-34.624709
-58.425436,-34.624709
-58.423084,-34.624709
-58.420732,-34.624709
-58.418380,-34.624709
-58.416028,-34.624709
-58.413675,-34.624709
-58.411322,-34.624709
-58.408970,-34.624709
-58.406617,-34.624709
-58.404263,-34.624709
-58.401910,-34.624709
-58.399557,-34.624709
-58.397203,-34.624709
-58.394849,-34.624709
-58.392495,-34.624709
-58.390141,-34.624709
-58.387787,-34.624709
-58.385433,-34.624709
-58.383078,-34.624709
-58.380723,-34.624709
-58.378368,-34.624709
-58.376013,-34.624709
-58.373658,-34.624709
-58.371303,-34.624709
-58.368947,-34.624709
-58.366592,-34.624709
-58.364236,-34.624709
-58.361880,-34.624709
-58.359524,-34.624709
-58.357167,-34.624709
-58.354811,-34.624709
-58.352454,-34.624709
-58.538143,-34.620217
-58.535799,-34.620217
-58.533454,-34.620217
-58.531109,-34.620217
-58.528765,-34.620217
-58.526420,-34.620217
-58.524074,-34.620217
-58.521729,-34.620217
-58.519384,-34.620217
-58.517038,-34.620217
-58.514692,-34.620217
-58.512346,-34.620217
-58.510000,-34.620217
-58.507654,-34.620217
-58.505308,-34.620217
-58.502961,-34.620217
-58.500614,-34.620217
-58.498267,-34.620217
-58.495920,-34.620217
-58.493573,-34.620217
-58.491226,-34.620217
-58.488878,-34.620217
-58.486531,-34.620217
-58.484183,-34.620217
-58.481835,-34.620217
-58.479487,-34.620217
-58.477138,-34.620217
-58.474790,-34.620217
-58.472441,-34.620217
-58.470093,-34.620217
-58.467744,-34.620217
-58.465395,-34.620217
-58.463045,-34.620217
-58.460696,-34.620217
-58.458346,-34.620217
-58.455997,-34.620217
-58.453647,-34.620217
-58.451297,-34.620217
-58.448947,-34.620217
-58.446596,-34.620217
-58.444246,-34.620217
-58.441895,-34.620217
-58.439544,-34.620217
-58.437193,-34.620217
-58.434842,-34.620217
-58.432491,-34.620217
-58.430140,-34.620217
-58.427788,-34.620217
-58.425436,-34.620217
-58.423084,-34.620217
-58.420732,-34.620217
-58.418380,-34.620217
-58.416028,-34.620217
-58.413675,-34.620217
-58.411322,-34.620217
-58.408970,-34.620217
-58.406617,-34.620217
-58.404263,-34.620217
-58.401910,-34.620217
-58.399557,-34.620217
-58.397203,-34.620217
-58.394849,-34.620217
-58.392495,-34.620217
-58.390141,-34.620217
-58.387787,-34.620217
-58.385433,-34.620217
-58.383078,-34.620217
-58.380723,-34.620217
-58.378368,-34.620217
-58.376013,-34.620217
-58.373658,-34.620217
-58.371303,-34.620217
-58.368947,-34.620217
-58.366592,-34.620217
-58.364236,-34.620217
-58.361880,-34.620217
-58.359524,-34.620217
-58.357167,-34.620217
-58.354811,-34.620217
-58.352454,-34.620217
-58.538143,-34.615725
-58.535799,-34.615725
-58.533454,-34.615725
-58.531109,-34.615725
-58.528765,-34.615725
-58.526420,-34.615725
-58.524074,-34.615725
-58.521729,-34.615725
-58.519384,-34.615725
-58.517038,-34.615725
-58.514692,-34.615725
-58.512346,-34.615725
-58.510000,-34.615725
-58.507654,-34.615725
-58.505308,-34.615725
-58.502961,-34.615725
-58.500614,-34.615725
-58.498267,-34.615725
-58.495920,-34.615725
-58.493573,-34.615725
-58.491226,-34.615725
-58.488878,-34.615725
-58.486531,-34.615725
-58.484183,-34.615725
-58.481835,-34.615725
-58.479487,-34.615725
-58.477138,-34.615725
-58.474790,-34.615725
-58.472441,-34.615725
-58.470093,-34.615725
-58.467744,-34.615725
-58.465395,-34.615725
-58.463045,-34.615725
-58.460696,-34.615725
-58.458346,-34.615725
-58.455997,-34.615725
-58.453647,-34.615725
-58.451297,-34.615725
-58.448947,-34.615725
-58.446596,-34.615725
-58.444246,-34.615725
-58.441895,-34.615725
-58.439544,-34.615725
-58.437193,-34.615725
-58.434842,-34.615725
-58.432491,-34.615725
-58.430140,-34.615725
-58.427788,-34.615725
-58.425436,-34.615725
-58.423084,-34.615725
-58.420732,-34.615725
-58.418380,-34.615725
-58.416028,-34.615725
-58.413675,-34.615725
-58.411322,-34.615725
-58.408970,-34.615725
-58.406617,-34.615725
-58.404263,-34.615725
-58.401910,-34.615725
-58.399557,-34.615725
-58.397203,-34.615725
-58.394849,-34.615725
-58.392495,-34.615725
-58.390141,-34.615725
-58.387787,-34.615725
-58.385433,-34.615725
-58.383078,-34.615725
-58.380723,-34.615725
-58.378368,-34.615725
-58.376013,-34.615725
-58.373658,-34.615725
-58.371303,-34.615725
-58.368947,-34.615725
-58.366592,-34.615725
-58.364236,-34.615725
-58.361880,-34.615725
-58.359524,-34.615725
-58.357167,-34.615725
-58.354811,-34.615725
-58.352454,-34.615725
-58.538143,-34.611234
-58.535799,-34.611234
-58.533454,-34.611234
-58.531109,-34.611234
-58.528765,-34.611234
-58.526420,-34.611234
-58.524074,-34.611234
-58.521729,-34.611234
-58.519384,-34.611234
-58.517038,-34.611234
-58.514692,-34.611234
-58.512346,-34.611234
-58.510000,-34.611234
-58.507654,-34.611234
-58.505308,-34.611234
-58.502961,-34.611234
-58.500614,-34.611234
-58.498267,-34.611234
-58.495920,-34.611234
-58.493573,-34.611234
-58.491226,-34.611234
-58.488878,-34.611234
-58.486531,-34.611234
-58.484183,-34.611234
-58.481835,-34.611234
-58.479487,-34.611234
-58.477138,-34.611234
-58.474790,-34.611234
-58.472441,-34.611234
-58.470093,-34.611234
-58.467744,-34.611234
-58.465395,-34.611234
-58.463045,-34.611234
-58.460696,-34.611234
-58.458346,-34.611234
-58.455997,-34.611234
-58.453647,-34.611234
-58.451297,-34.611234
-58.448947,-34.611234
-58.446596,-34.611234
-58.444246,-34.611234
-58.441895,-34.611234
-58.439544,-34.611234
-58.437193,-34.611234
-58.434842,-34.611234
-58.432491,-34.611234
-58.430140,-34.611234
-58.427788,-34.611234
-58.425436,-34.611234
-58.423084,-34.611234
-58.420732,-34.611234
-58.418380,-34.611234
-58.416028,-34.611234
-58.413675,-34.611234
-58.411322,-34.611234
-58.408970,-34.611234
-58.406617,-34.611234
-58.404263,-34.611234
-58.401910,-34.611234
-58.399557,-34.611234
-58.397203,-34.611234
-58.394849,-34.611234
-58.392495,-34.611234
-58.390141,-34.611234
-58.387787,-34.611234
-58.385433,-34.611234
-58.383078,-34.611234
-58.380723,-34.611234
-58.378368,-34.611234
-58.376013,-34.611234
-58.373658,-34.611234
-58.371303,-34.611234
-58.368947,-34.611234
-58.366592,-34.611234
-58.364236,-34.611234
-58.361880,-34.611234
-58.359524,-34.611234
-58.357167,-34.611234
-58.354811,-34.611234
-58.352454,-34.611234
-58.538143,-34.606742
-58.535799,-34.606742
-58.533454,-34.606742
-58.531109,-34.606742
-58.528765,-34.606742
-58.526420,-34.606742
-58.524074,-34.606742
-58.521729,-34.606742
-58.519384,-34.606742
-58.517038,-34.606742
-58.514692,-34.606742
-58.512346,-34.606742
-58.510000,-34.606742
-58.507654,-34.606742
-58.505308,-34.606742
-58.502961,-34.606742
-58.500614,-34.606742
-58.498267,-34.606742
-58.495920,-34.606742
-58.493573,-34.606742
-58.491226,-34.606742
-58.488878,-34.606742
-58.486531,-34.606742
-58.484183,-34.606742
-58.481835,-34.606742
-58.479487,-34.606742
-58.477138,-34.606742
-58.474790,-34.606742
-58.472441,-34.606742
-58.470093,-34.606742
-58.467744,-34.606742
-58.465395,-34.606742
-58.463045,-34.606742
-58.460696,-34.606742
-58.458346,-34.606742
-58.455997,-34.606742
-58.453647,-34.606742
-58.451297,-34.606742
-58.448947,-34.606742
-58.446596,-34.606742
-58.444246,-34.606742
-58.441895,-34.606742
-58.439544,-34.606742
-58.437193,-34.606742
-58.434842,-34.606742
-58.432491,-34.606742
-58.430140,-34.606742
-58.427788,-34.606742
-58.425436,-34.606742
-58.423084,-34.606742
-58.420732,-34.606742
-58.418380,-34.606742
-58.416028,-34.606742
-58.413675,-34.606742
-58.411322,-34.606742
-58.408970,-34.606742
-58.406617,-34.606742
-58.404263,-34.606742
-58.401910,-34.606742
-58.399557,-34.606742
-58.397203,-34.606742
-58.394849,-34.606742
-58.392495,-34.606742
-58.390141,-34.606742
-58.387787,-34.606742
-58.385433,-34.606742
-58.383078,-34.606742
-58.380723,-34.606742
-58.378368,-34.606742
-58.376013,-34.606742
-58.373658,-34.606742
-58.371303,-34.606742
-58.368947,-34.606742
-58.366592,-34.606742
-58.364236,-34.606742
-58.361880,-34.606742
-58.359524,-34.606742
-58.357167,-34.606742
-58.354811,-34.606742
-58.352454,-34.606742
-58.538143,-34.602251
-58.535799,-34.602251
-58.533454,-34.602251
-58.531109,-34.602251
-58.528765,-34.602251
-58.526420,-34.602251
-58.524074,-34.602251
-58.521729,-34.602251
-58.519384,-34.602251
-58.517038,-34.602251
-58.514692,-34.602251
-58.512346,-34.602251
-58.510000,-34.602251
-58.507654,-34.602251
-58.505308,-34.602251
-58.502961,-34.602251
-58.500614,-34.602251
-58.498267,-34.602251
-58.495920,-34.602251
-58.493573,-34.602251
-58.491226,-34.602251
-58.488878,-34.602251
-58.486531,-34.602251
-58.484183,-34.602251
-58.481835,-34.602251
-58.479487,-34.602251
-58.477138,-34.602251
-58.474790,-34.602251
-58.472441,-34.602251
-58.470093,-34.602251
-58.467744,-34.602251
-58.465395,-34.602251
-58.463045,-34.602251
-58.460696,-34.602251
-58.458346,-34.602251
-58.455997,-34.602251
-58.453647,-34.602251
-58.451297,-34.602251
-58.448947,-34.602251
-58.446596,-34.602251
-58.444246,-34.602251
-58.441895,-34.602251
-58.439544,-34.602251
-58.437193,-34.602251
-58.434842,-34.602251
-58.432491,-34.602251
-58.430140,-34.602251
-58.427788,-34.602251
-58.425436,-34.602251
-58.423084,-34.602251
-58.420732,-34.602251
-58.418380,-34.602251
-58.416028,-34.602251
-58.413675,-34.602251
-58.411322,-34.602251
-58.408970,-34.602251
-58.406617,-34.602251
-58.404263,-34.602251
-58.401910,-34.602251
-58.399557,-34.602251
-58.397203,-34.602251
-58.394849,-34.602251
-58.392495,-34.602251
-58.390141,-34.602251
-58.387787,-34.602251
-58.385433,-34.602251
-58.383078,-34.602251
-58.380723,-34.602251
-58.378368,-34.602251
-58.376013,-34.602251
-58.373658,-34.602251
-58.371303,-34.602251
-58.368947,-34.602251
-58.366592,-34.602251
-58.364236,-34.602251
-58.361880,-34.602251
-58.359524,-34.602251
-58.357167,-34.602251
-58.354811,-34.602251
-58.352454,-34.602251
-58.538143,-34.597759
-58.535799,-34.597759
-58.533454,-34.597759
-58.531109,-34.597759
-58.528765,-34.597759
-58.526420,-34.597759
-58.524074,-34.597759
-58.521729,-34.597759
-58.519384,-34.597759
-58.517038,-34.597759
-58.514692,-34.597759
-58.512346,-34.597759
-58.510000,-34.597759
-58.507654,-34.597759
-58.505308,-34.597759
-58.502961,-34.597759
-58.500614,-34.597759
-58.498267,-34.597759
-58.495920,-34.597759
-58.493573,-34.597759
-58.491226,-34.597759
-58.488878,-34.597759
-58.486531,-34.597759
-58.484183,-34.597759
-58.481835,-34.597759
-58.479487,-34.597759
-58.477138,-34.597759
-58.474790,-34.597759
-58.472441,-34.597759
-58.470093,-34.597759
-58.467744,-34.597759
-58.465395,-34.597759
-58.463045,-34.597759
-58.460696,-34.597759
-58.458346,-34.597759
-58.455997,-34.597759
-58.453647,-34.597759
-58.451297,-34.597759
-58.448947,-34.597759
-58.446596,-34.597759
-58.444246,-34.597759
-58.441895,-34.597759
-58.439544,-34.597759
-58.437193,-34.597759
-58.434842,-34.597759
-58.432491,-34.597759
-58.430140,-34.597759
-58.427788,-34.597759
-58.425436,-34.597759
-58.423084,-34.597759
-58.420732,-34.597759
-58.418380,-34.597759
-58.416028,-34.597759
-58.413675,-34.597759
-58.411322,-34.597759
-58.408970,-34.597759
-58.406617,-34.597759
-58.404263,-34.597759
-58.401910,-34.597759
-58.399557,-34.597759
-58.397203,-34.597759
-58.394849,-34.597759
-58.392495,-34.597759
-58.390141,-34.597759
-58.387787,-34.597759
-58.385433,-34.597759
-58.383078,-34.597759
-58.380723,-34.597759
-58.378368,-34.597759
-58.376013,-34.597759
-58.373658,-34.597759
-58.371303,-34.597759
-58.368947,-34.597759
-58.366592,-34.597759
-58.364236,-34.597759
-58.361880,-34.597759
-58.359524,-34.597759
-58.357167,-34.597759
-58.354811,-34.597759
-58.352454,-34.597759
-58.538143,-34.593268
-58.535799,-34.593268
-58.533454,-34.593268
-58.531109,-34.593268
-58.528765,-34.593268
-58.526420,-34.593268
-58.524074,-34.593268
-58.521729,-34.593268
-58.519384,-34.593268
-58.517038,-34.593268
-58.514692,-34.593268
-58.512346,-34.593268
-58.510000,-34.593268
-58.507654,-34.593268
-58.505308,-34.593268
-58.502961,-34.593268
-58.500614,-34.593268
-58.498267,-34.593268
-58.495920,-34.593268
-58.493573,-34.593268
-58.491226,-34.593268
-58.488878,-34.593268
-58.486531,-34.593268
-58.484183,-34.593268
-58.481835,-34.593268
-58.479487,-34.593268
-58.477138,-34.593268
-58.474790,-34.593268
-58.472441,-34.593268
-58.470093,-34.593268
-58.467744,-34.593268
-58.465395,-34.593268
-58.463045,-34.593268
-58.460696,-34.593268
-58.458346,-34.593268
-58.455997,-34.593268
-58.453647,-34.593268
-58.451297,-34.593268
-58.448947,-34.593268
-58.446596,-34.593268
-58.444246,-34.593268
-58.441895,-34.593268
-58.439544,-34.593268
-58.437193,-34.593268
-58.434842,-34.593268
-58.432491,-34.593268
-58.430140,-34.593268
-58.427788,-34.593268
-58.425436,-34.593268
-58.423084,-34.593268
-58.420732,-34.593268
-58.418380,-34.593268
-58.416028,-34.593268
-58.413675,-34.593268
-58.411322,-34.593268
-58.408970,-34.593268
-58.406617,-34.593268
-58.404263,-34.593268
-58.401910,-34.593268
-58.399557,-34.593268
-58.397203,-34.593268
-58.394849,-34.593268
-58.392495,-34.593268
-58.390141,-34.593268
-58.387787,-34.593268
-58.385433,-34.593268
-58.383078,-34.593268
-58.380723,-34.593268
-58.378368,-34.593268
-58.376013,-34.593268
-58.373658,-34.593268
-58.371303,-34.593268
-58.368947,-34.593268
-58.366592,-34.593268
-58.364236,-34.593268
-58.361880,-34.593268
-58.359524,-34.593268
-58.357167,-34.593268
-58.354811,-34.593268
-58.352454,-34.593268
-58.538143,-34.588776
-58.535799,-34.588776
-58.533454,-34.588776
-58.531109,-34.588776
-58.528765,-34.588776
-58.526420,-34.588776
-58.524074,-34.588776
-58.521729,-34.588776
-58.519384,-34.588776
-58.517038,-34.588776
-58.514692,-34.588776
-58.512346,-34.588776
-58.510000,-34.588776
-58.507654,-34.588776
-58.505308,-34.588776
-58.502961,-34.588776
-58.500614,-34.588776
-58.498267,-34.588776
-58.495920,-34.588776
-58.493573,-34.588776
-58.491226,-34.588776
-58.488878,-34.588776
-58.486531,-34.588776
-58.484183,-34.588776
-58.481835,-34.588776
-58.479487,-34.588776
-58.477138,-34.588776
-58.474790,-34.588776
-58.472441,-34.588776
-58.470093,-34.588776
-58.467744,-34.588776
-58.465395,-34.588776
-58.463045,-34.588776
-58.460696,-34.588776
-58.458346,-34.588776
-58.455997,-34.588776
-58.453647,-34.588776
-58.451297,-34.588776
-58.448947,-34.588776
-58.446596,-34.588776
-58.444246,-34.588776
-58.441895,-34.588776
-58.439544,-34.588776
-58.437193,-34.588776
-58.434842,-34.588776
-58.432491,-34.588776
-58.430140,-34.588776
-58.427788,-34.588776
-58.425436,-34.588776
-58.423084,-34.588776
-58.420732,-34.588776
-58.418380,-34.588776
-58.416028,-34.588776
-58.413675,-34.588776
-58.411322,-34.588776
-58.408970,-34.588776
-58.406617,-34.588776
-58.404263,-34.588776
-58.401910,-34.588776
-58.399557,-34.588776
-58.397203,-34.588776
-58.394849,-34.588776
-58.392495,-34.588776
-58.390141,-34.588776
-58.387787,-34.588776
-58.385433,-34.588776
-58.383078,-34.588776
-58.380723,-34.588776
-58.378368,-34.588776
-58.376013,-34.588776
-58.373658,-34.588776
-58.371303,-34.588776
-58.368947,-34.588776
-58.366592,-34.588776
-58.364236,-34.588776
-58.361880,-34.588776
-58.359524,-34.588776
-58.357167,-34.588776
-58.354811,-34.588776
-58.352454,-34.588776
-58.538143,-34.584284
-58.535799,-34.584284
-58.533454,-34.584284
-58.531109,-34.584284
-58.528765,-34.584284
-58.526420,-34.584284
-58.524074,-34.584284
-58.521729,-34.584284
-58.519384,-34.584284
-58.517038,-34.584284
-58.514692,-34.584284
-58.512346,-34.584284
-58.510000,-34.584284
-58.507654,-34.584284
-58.505308,-34.584284
-58.502961,-34.584284
-58.500614,-34.584284
-58.498267,-34.584284
-58.495920,-34.584284
-58.493573,-34.584284
-58.491226,-34.584284
-58.488878,-34.584284
-58.486531,-34.584284
-58.484183,-34.584284
-58.481835,-34.584284
-58.479487,-34.584284
-58.477138,-34.584284
-58.474790,-34.584284
-58.472441,-34.584284
-58.470093,-34.584284
-58.467744,-34.584284
-58.465395,-34.584284
-58.463045,-34.584284
-58.460696,-34.584284
-58.458346,-34.584284
-58.455997,-34.584284
-58.453647,-34.584284
-58.451297,-34.584284
-58.448947,-34.584284
-58.446596,-34.584284
-58.444246,-34.584284
-58.441895,-34.584284
-58.439544,-34.584284
-58.437193,-34.584284
-58.434842,-34.584284
-58.432491,-34.584284
-58.430140,-34.584284
-58.427788,-34.584284
-58.425436,-34.584284
-58.423084,-34.584284
-58.420732,-34.584284
-58.418380,-34.584284
-58.416028,-34.584284
-58.413675,-34.584284
-58.411322,-34.584284
-58.408970,-34.584284
-58.406617,-34.584284
-58.404263,-34.584284
-58.401910,-34.584284
-58.399557,-34.584284
-58.397203,-34.584284
-58.394849,-34.584284
-58.392495,-34.584284
-58.390141,-34.584284
-58.387787,-34.584284
-58.385433,-34.584284
-58.383078,-34.584284
-58.380723,-34.584284
-58.378368,-34.584284
-58.376013,-34.584284
-58.373658,-34.584284
-58.371303,-34.584284
-58.368947,-34.584284
-58.366592,-34.584284
-58.364236,-34.584284
-58.361880,-34.584284
-58.359524,-34.584284
-58.357167,-34.584284
-58.354811,-34.584284
-58.352454,-34.584284
-58.538143,-34.579793
-58.535799,-34.579793
-58.533454,-34.579793
-58.531109,-34.579793
-58.528765,-34.579793
-58.526420,-34.579793
-58.524074,-34.579793
-58.521729,-34.579793
-58.519384,-34.579793
-58.517038,-34.579793
-58.514692,-34.579793
-58.512346,-34.579793
-58.510000,-34.579793
-58.507654,-34.579793
-58.505308,-34.579793
-58.502961,-34.579793
-58.500614,-34.579793
-58.498267,-34.579793
-58.495920,-34.579793
-58.493573,-34.579793
-58.491226,-34.579793
-58.488878,-34.579793
-58.486531,-34.579793
-58.484183,-34.579793
-58.481835,-34.579793
-58.479487,-34.579793
-58.477138,-34.579793
-58.474790,-34.579793
-58.472441,-34.579793
-58.470093,-34.579793
-58.467744,-34.579793
-58.465395,-34.579793
-58.463045,-34.579793
-58.460696,-34.579793
-58.458346,-34.579793
-58.455997,-34.579793
-58.453647,-34.579793
-58.451297,-34.579793
-58.448947,-34.579793
-58.446596,-34.579793
-58.444246,-34.579793
-58.441895,-34.579793
-58.439544,-34.579793
-58.437193,-34.579793
-58.434842,-34.579793
-58.432491,-34.579793
-58.430140,-34.579793
-58.427788,-34.579793
-58.425436,-34.579793
-58.423084,-34.579793
-58.420732,-34.579793
-58.418380,-34.579793
-58.416028,-34.579793
-58.413675,-34.579793
-58.411322,-34.579793
-58.408970,-34.579793
-58.406617,-34.579793
-58.404263,-34.579793
-58.401910,-34.579793
-58.399557,-34.579793
-58.397203,-34.579793
-58.394849,-34.579793
-58.392495,-34.579793
-58.390141,-34.579793
-58.387787,-34.579793
-58.385433,-34.579793
-58.383078,-34.579793
-58.380723,-34.579793
-58.378368,-34.579793
-58.376013,-34.579793
-58.373658,-34.579793
-58.371303,-34.579793
-58.368947,-34.579793
-58.366592,-34.579793
-58.364236,-34.579793
-58.361880,-34.579793
-58.359524,-34.579793
-58.357167,-34.579793
-58.354811,-34.579793
-58.352454,-34.579793
-58.538143,-34.575301
-58.535799,-34.575301
-58.533454,-34.575301
-58.531109,-34.575301
-58.528765,-34.575301
-58.526420,-34.575301
-58.524074,-34.575301
-58.521729,-34.575301
-58.519384,-34.575301
-58.517038,-34.575301
-58.514692,-34.575301
-58.512346,-34.575301
-58.510000,-34.575301
-58.507654,-34.575301
-58.505308,-34.575301
-58.502961,-34.575301
-58.500614,-34.575301
-58.498267,-34.575301
-58.495920,-34.575301
-58.493573,-34.575301
-58.491226,-34.575301
-58.488878,-34.575301
-58.486531,-34.575301
-58.484183,-34.575301
-58.481835,-34.575301
-58.479487,-34.575301
-58.477138,-34.575301
-58.474790,-34.575301
-58.472441,-34.575301
-58.470093,-34.575301
-58.467744,-34.575301
-58.465395,-34.575301
-58.463045,-34.575301
-58.460696,-34.575301
-58.458346,-34.575301
-58.455997,-34.575301
-58.453647,-34.575301
-58.451297,-34.575301
-58.448947,-34.575301
-58.446596,-34.575301
-58.444246,-34.575301
-58.441895,-34.575301
-58.439544,-34.575301
-58.437193,-34.575301
-58.434842,-34.575301
-58.432491,-34.575301
-58.430140,-34.575301
-58.427788,-34.575301
-58.425436,-34.575301
-58.423084,-34.575301
-58.420732,-34.575301
-58.418380,-34.575301
-58.416028,-34.575301
-58.413675,-34.575301
-58.411322,-34.575301
-58.408970,-34.575301
-58.406617,-34.575301
-58.404263,-34.575301
-58.401910,-34.575301
-58.399557,-34.575301
-58.397203,-34.575301
-58.394849,-34.575301
-58.392495,-34.575301
-58.390141,-34.575301
-58.387787,-34.575301
-58.385433,-34.575301
-58.383078,-34.575301
-58.380723,-34.575301
-58.378368,-34.575301
-58.376013,-34.575301
-58.373658,-34.575301
-58.371303,-34.575301
-58.368947,-34.575301
-58.366592,-34.575301
-58.364236,-34.575301
-58.361880,-34.575301
-58.359524,-34.575301
-58.357167,-34.575301
-58.354811,-34.575301
-58.352454,-34.575301
-58.538143,-34.570810
-58.535799,-34.570810
-58.533454,-34.570810
-58.531109,-34.570810
-58.528765,-34.570810
-58.526420,-34.570810
-58.524074,-34.570810
-58.521729,-34.570810
-58.519384,-34.570810
-58.517038,-34.570810
-58.514692,-34.570810
-58.512346,-34.570810
-58.510000,-34.570810
-58.507654,-34.570810
-58.505308,-34.570810
-58.502961,-34.570810
-58.500614,-34.570810
-58.498267,-34.570810
-58.495920,-34.570810
-58.493573,-34.570810
-58.491226,-34.570810
-58.488878,-34.570810
-58.486531,-34.570810
-58.484183,-34.570810
-58.481835,-34.570810
-58.479487,-34.570810
-58.477138,-34.570810
-58.474790,-34.570810
-58.472441,-34.570810
-58.470093,-34.570810
-58.467744,-34.570810
-58.465395,-34.570810
-58.463045,-34.570810
-58.460696,-34.570810
-58.458346,-34.570810
-58.455997,-34.570810
-58.453647,-34.570810
-58.451297,-34.570810
-58.448947,-34.570810
-58.446596,-34.570810
-58.444246,-34.570810
-58.441895,-34.570810
-58.439544,-34.570810
-58.437193,-34.570810
-58.434842,-34.570810
-58.432491,-34.570810
-58.430140,-34.570810
-58.427788,-34.570810
-58.425436,-34.570810
-58.423084,-34.570810
-58.420732,-34.570810
-58.418380,-34.570810
-58.416028,-34.570810
-58.413675,-34.570810
-58.411322,-34.570810
-58.408970,-34.570810
-58.406617,-34.570810
-58.404263,-34.570810
-58.401910,-34.570810
-58.399557,-34.570810
-58.397203,-34.570810
-58.394849,-34.570810
-58.392495,-34.570810
-58.390141,-34.570810
-58.387787,-34.570810
-58.385433,-34.570810
-58.383078,-34.570810
-58.380723,-34.570810
-58.378368,-34.570810
-58.376013,-34.570810
-58.373658,-34.570810
-58.371303,-34.570810
-58.368947,-34.570810
-58.366592,-34.570810
-58.364236,-34.570810
-58.361880,-34.570810
-58.359524,-34.570810
-58.357167,-34.570810
-58.354811,-34.570810
-58.352454,-34.570810
-58.538143,-34.566318
-58.535799,-34.566318
-58.533454,-34.566318
-58.531109,-34.566318
-58.528765,-34.566318
-58.526420,-34.566318
-58.524074,-34.566318
-58.521729,-34.566318
-58.519384,-34.566318
-58.517038,-34.566318
-58.514692,-34.566318
-58.512346,-34.566318
-58.510000,-34.566318
-58.507654,-34.566318
-58.505308,-34.566318
-58.502961,-34.566318
-58.500614,-34.566318
-58.498267,-34.566318
-58.495920,-34.566318
-58.493573,-34.566318
-58.491226,-34.566318
-58.488878,-34.566318
-58.486531,-34.566318
-58.484183,-34.566318
-58.481835,-34.566318
-58.479487,-34.566318
-58.477138,-34.566318
-58.474790,-34.566318
-58.472441,-34.566318
-58.470093,-34.566318
-58.467744,-34.566318
-58.465395,-34.566318
-58.463045,-34.566318
-58.460696,-34.566318
-58.458346,-34.566318
-58.455997,-34.566318
-58.453647,-34.566318
-58.451297,-34.566318
-58.448947,-34.566318
-58.446596,-34.566318
-58.444246,-34.566318
-58.441895,-34.566318
-58.439544,-34.566318
-58.437193,-34.566318
-58.434842,-34.566318
-58.432491,-34.566318
-58.430140,-34.566318
-58.427788,-34.566318
-58.425436,-34.566318
-58.423084,-34.566318
-58.420732,-34.566318
-58.418380,-34.566318
-58.416028,-34.566318
-58.413675,-34.566318
-58.411322,-34.566318
-58.408970,-34.566318
-58.406617,-34.566318
-58.404263,-34.566318
-58.401910,-34.566318
-58.399557,-34.566318
-58.397203,-34.566318
-58.394849,-34.566318
-58.392495,-34.566318
-58.390141,-34.566318
-58.387787,-34.566318
-58.385433,-34.566318
-58.383078,-34.566318
-58.380723,-34.566318
-58.378368,-34.566318
-58.376013,-34.566318
-58.373658,-34.566318
-58.371303,-34.566318
-58.368947,-34.566318
-58.366592,-34.566318
-58.364236,-34.566318
-58.361880,-34.566318
-58.359524,-34.566318
-58.357167,-34.566318
-58.354811,-34.566318
-58.352454,-34.566318
-58.538143,-34.561827
-58.535799,-34.561827
-58.533454,-34.561827
-58.531109,-34.561827
-58.528765,-34.561827
-58.526420,-34.561827
-58.524074,-34.561827
-58.521729,-34.561827
-58.519384,-34.561827
-58.517038,-34.561827
-58.514692,-34.561827
-58.512346,-34.561827
-58.510000,-34.561827
-58.507654,-34.561827
-58.505308,-34.561827
-58.502961,-34.561827
-58.500614,-34.561827
-58.498267,-34.561827
-58.495920,-34.561827
-58.493573,-34.561827
-58.491226,-34.561827
-58.488878,-34.561827
-58.486531,-34.561827
-58.484183,-34.561827
-58.481835,-34.561827
-58.479487,-34.561827
-58.477138,-34.561827
-58.474790,-34.561827
-58.472441,-34.561827
-58.470093,-34.561827
-58.467744,-34.561827
-58.465395,-34.561827
-58.463045,-34.561827
-58.460696,-34.561827
-58.458346,-34.561827
-58.455997,-34.561827
-58.453647,-34.561827
-58.451297,-34.561827
-58.448947,-34.561827
-58.446596,-34.561827
-58.444246,-34.561827
-58.441895,-34.561827
-58.439544,-34.561827
-58.437193,-34.561827
-58.434842,-34.561827
-58.432491,-34.561827
-58.430140,-34.561827
-58.427788,-34.561827
-58.425436,-34.561827
-58.423084,-34.561827
-58.420732,-34.561827
-58.418380,-34.561827
-58.416028,-34.561827
-58.413675,-34.561827
-58.411322,-34.561827
-58.408970,-34.561827
-58.406617,-34.561827
-58.404263,-34.561827
-58.401910,-34.561827
-58.399557,-34.561827
-58.397203,-34.561827
-58.394849,-34.561827
-58.392495,-34.561827
-58.390141,-34.561827
-58.387787,-34.561827
-58.385433,-34.561827
-58.383078,-34.561827
-58.380723,-34.561827
-58.378368,-34.561827
-58.376013,-34.561827
-58.373658,-34.561827
-58.371303,-34.561827
-58.368947,-34.561827
-58.366592,-34.561827
-58.364236,-34.561827
-58.361880,-34.561827
-58.359524,-34.561827
-58.357167,-34.561827
-58.354811,-34.561827
-58.352454,-34.561827
-58.538143,-34.557335
-58.535799,-34.557335
-58.533454,-34.557335
-58.531109,-34.557335
-58.528765,-34.557335
-58.526420,-34.557335
-58.524074,-34.557335
-58.521729,-34.557335
-58.519384,-34.557335
-58.517038,-34.557335
-58.514692,-34.557335
-58.512346,-34.557335
-58.510000,-34.557335
-58.507654,-34.557335
-58.505308,-34.557335
-58.502961,-34.557335
-58.500614,-34.557335
-58.498267,-34.557335
-58.495920,-34.557335
-58.493573,-34.557335
-58.491226,-34.557335
-58.488878,-34.557335
-58.486531,-34.557335
-58.484183,-34.557335
-58.481835,-34.557335
-58.479487,-34.557335
-58.477138,-34.557335
-58.474790,-34.557335
-58.472441,-34.557335
-58.470093,-34.557335
-58.467744,-34.557335
-58.465395,-34.557335
-58.463045,-34.557335
-58.460696,-34.557335
-58.458346,-34.557335
-58.455997,-34.557335
-58.453647,-34.557335
-58.451297,-34.557335
-58.448947,-34.557335
-58.446596,-34.557335
-58.444246,-34.557335
-58.441895,-34.557335
-58.439544,-34.557335
-58.437193,-34.557335
-58.434842,-34.557335
-58.432491,-34.557335
-58.430140,-34.557335
-58.427788,-34.557335
-58.425436,-34.557335
-58.423084,-34.557335
-58.420732,-34.557335
-58.418380,-34.557335
-58.416028,-34.557335
-58.413675,-34.557335
-58.411322,-34.557335
-58.408970,-34.557335
-58.406617,-34.557335
-58.404263,-34.557335
-58.401910,-34.557335
-58.399557,-34.557335
-58.397203,-34.557335
-58.394849,-34.557335
-58.392495,-34.557335
-58.390141,-34.557335
-58.387787,-34.557335
-58.385433,-34.557335
-58.383078,-34.557335
-58.380723,-34.557335
-58.378368,-34.557335
-58.376013,-34.557335
-58.373658,-34.557335
-58.371303,-34.557335
-58.368947,-34.557335
-58.366592,-34.557335
-58.364236,-34.557335
-58.361880,-34.557335
-58.359524,-34.557335
-58.357167,-34.557335
-58.354811,-34.557335
-58.352454,-34.557335
-58.538143,-34.552843
-58.535799,-34.552843
-58.533454,-34.552843
-58.531109,-34.552843
-58.528765,-34.552843
-58.526420,-34.552843
-58.524074,-34.552843
-58.521729,-34.552843
-58.519384,-34.552843
-58.517038,-34.552843
-58.514692,-34.552843
-58.512346,-34.552843
-58.510000,-34.552843
-58.507654,-34.552843
-58.505308,-34.552843
-58.502961,-34.552843
-58.500614,-34.552843
-58.498267,-34.552843
-58.495920,-34.552843
-58.493573,-34.552843
-58.491226,-34.552843
-58.488878,-34.552843
-58.486531,-34.552843
-58.484183,-34.552843
-58.481835,-34.552843
-58.479487,-34.552843
-58.477138,-34.552843
-58.474790,-34.552843
-58.472441,-34.552843
-58.470093,-34.552843
-58.467744,-34.552843
-58.465395,-34.552843
-58.463045,-34.552843
-58.460696,-34.552843
-58.458346,-34.552843
-58.455997,-34.552843
-58.453647,-34.552843
-58.451297,-34.552843
-58.448947,-34.552843
-58.446596,-34.552843
-58.444246,-34.552843
-58.441895,-34.552843
-58.439544,-34.552843
-58.437193,-34.552843
-58.434842,-34.552843
-58.432491,-34.552843
-58.430140,-34.552843
-58.427788,-34.552843
-58.425436,-34.552843
-58.423084,-34.552843
-58.420732,-34.552843
-58.418380,-34.552843
-58.416028,-34.552843
-58.413675,-34.552843
-58.411322,-34.552843
-58.408970,-34.552843
-58.406617,-34.552843
-58.404263,-34.552843
-58.401910,-34.552843
-58.399557,-34.552843
-58.397203,-34.552843
-58.394849,-34.552843
-58.392495,-34.552843
-58.390141,-34.552843
-58.387787,-34.552843
-58.385433,-34.552843
-58.383078,-34.552843
-58.380723,-34.552843
-58.378368,-34.552843
-58.376013,-34.552843
-58.373658,-34.552843
-58.371303,-34.552843
-58.368947,-34.552843
-58.366592,-34.552843
-58.364236,-34.552843
-58.361880,-34.552843
-58.359524,-34.552843
-58.357167,-34.552843
-58.354811,-34.552843
-58.352454,-34.552843
-58.538143,-34.548352
-58.535799,-34.548352
-58.533454,-34.548352
-58.531109,-34.548352
-58.528765,-34.548352
-58.526420,-34.548352
-58.524074,-34.548352
-58.521729,-34.548352
-58.519384,-34.548352
-58.517038,-34.548352
-58.514692,-34.548352
-58.512346,-34.548352
-58.510000,-34.548352
-58.507654,-34.548352
-58.505308,-34.548352
-58.502961,-34.548352
-58.500614,-34.548352
-58.498267,-34.548352
-58.495920,-34.548352
-58.493573,-34.548352
-58.491226,-34.548352
-58.488878,-34.548352
-58.486531,-34.548352
-58.484183,-34.548352
-58.481835,-34.548352
-58.479487,-34.548352
-58.477138,-34.548352
-58.474790,-34.548352
-58.472441,-34.548352
-58.470093,-34.548352
-58.467744,-34.548352
-58.465395,-34.548352
-58.463045,-34.548352
-58.460696,-34.548352
-58.458346,-34.548352
-58.455997,-34.548352
-58.453647,-34.548352
-58.451297,-34.548352
-58.448947,-34.548352
-58.446596,-34.548352
-58.444246,-34.548352
-58.441895,-34.548352
-58.439544,-34.548352
-58.437193,-34.548352
-58.434842,-34.548352
-58.432491,-34.548352
-58.430140,-34.548352
-58.427788,-34.548352
-58.425436,-34.548352
-58.423084,-34.548352
-58.420732,-34.548352
-58.418380,-34.548352
-58.416028,-34.548352
-58.413675,-34.548352
-58.411322,-34.548352
-58.408970,-34.548352
-58.406617,-34.548352
-58.404263,-34.548352
-58.401910,-34.548352
-58.399557,-34.548352
-58.397203,-34.548352
-58.394849,-34.548352
-58.392495,-34.548352
-58.390141,-34.548352
-58.387787,-34.548352
-58.385433,-34.548352
-58.383078,-34.548352
-58.380723,-34.548352
-58.378368,-34.548352
-58.376013,-34.548352
-58.373658,-34.548352
-58.371303,-34.548352
-58.368947,-34.548352
-58.366592,-34.548352
-58.364236,-34.548352
-58.361880,-34.548352
-58.359524,-34.548352
-58.357167,-34.548352
-58.354811,-34.548352
-58.352454,-34.548352
-58.538143,-34.543860
-58.535799,-34.543860
-58.533454,-34.543860
-58.531109,-34.543860
-58.528765,-34.543860
-58.526420,-34.543860
-58.524074,-34.543860
-58.521729,-34.543860
-58.519384,-34.543860
-58.517038,-34.543860
-58.514692,-34.543860
-58.512346,-34.543860
-58.510000,-34.543860
-58.507654,-34.543860
-58.505308,-34.543860
-58.502961,-34.543860
-58.500614,-34.543860
-58.498267,-34.543860
-58.495920,-34.543860
-58.493573,-34.543860
-58.491226,-34.543860
-58.488878,-34.543860
-58.486531,-34.543860
-58.484183,-34.543860
-58.481835,-34.543860
-58.479487,-34.543860
-58.477138,-34.543860
-58.474790,-34.543860
-58.472441,-34.543860
-58.470093,-34.543860
-58.467744,-34.543860
-58.465395,-34.543860
-58.463045,-34.543860
-58.460696,-34.543860
-58.458346,-34.543860
-58.455997,-34.543860
-58.453647,-34.543860
-58.451297,-34.543860
-58.448947,-34.543860
-58.446596,-34.543860
-58.444246,-34.543860
-58.441895,-34.543860
-58.439544,-34.543860
-58.437193,-34.543860
-58.434842,-34.543860
-58.432491,-34.543860
-58.430140,-34.543860
-58.427788,-34.543860
-58.425436,-34.543860
-58.423084,-34.543860
-58.420732,-34.543860
-58.418380,-34.543860
-58.416028,-34.543860
-58.413675,-34.543860
-58.411322,-34.543860
-58.408970,-34.543860
-58.406617,-34.543860
-58.404263,-34.543860
-58.401910,-34.543860
-58.399557,-34.543860
-58.397203,-34.543860
-58.394849,-34.543860
-58.392495,-34.543860
-58.390141,-34.543860
-58.387787,-34.543860
-58.385433,-34.543860
-58.383078,-34.543860
-58.380723,-34.543860
-58.378368,-34.543860
-58.376013,-34.543860
-58.373658,-34.543860
-58.371303,-34.543860
-58.368947,-34.543860
-58.366592,-34.543860
-58.364236,-34.543860
-58.361880,-34.543860
-58.359524,-34.543860
-58.357167,-34.543860
-58.354811,-34.543860
-58.352454,-34.543860
-58.538143,-34.539369
-58.535799,-34.539369
-58.533454,-34.539369
-58.531109,-34.539369
-58.528765,-34.539369
-58.526420,-34.539369
-58.524074,-34.539369
-58.521729,-34.539369
-58.519384,-34.539369
-58.517038,-34.539369
-58.514692,-34.539369
-58.512346,-34.539369
-58.510000,-34.539369
-58.507654,-34.539369
-58.505308,-34.539369
-58.502961,-34.539369
-58.500614,-34.539369
-58.498267,-34.539369
-58.495920,-34.539369
-58.493573,-34.539369
-58.491226,-34.539369
-58.488878,-34.539369
-58.486531,-34.539369
-58.484183,-34.539369
-58.481835,-34.539369
-58.479487,-34.539369
-58.477138,-34.539369
-58.474790,-34.539369
-58.472441,-34.539369
-58.470093,-34.539369
-58.467744,-34.539369
-58.465395,-34.539369
-58.463045,-34.539369
-58.460696,-34.539369
-58.458346,-34.539369
-58.455997,-34.539369
-58.453647,-34.539369
-58.451297,-34.539369
-58.448947,-34.539369
-58.446596,-34.539369
-58.444246,-34.539369
-58.441895,-34.539369
-58.439544,-34.539369
-58.437193,-34.539369
-58.434842,-34.539369
-58.432491,-34.539369
-58.430140,-34.539369
-58.427788,-34.539369
-58.425436,-34.539369
-58.423084,-34.539369
-58.420732,-34.539369
-58.418380,-34.539369
-58.416028,-34.539369
-58.413675,-34.539369
-58.411322,-34.539369
-58.408970,-34.539369
-58.406617,-34.539369
-58.404263,-34.539369
-58.401910,-34.539369
-58.399557,-34.539369
-58.397203,-34.539369
-58.394849,-34.539369
-58.392495,-34.539369
-58.390141,-34.539369
-58.387787,-34.539369
-58.385433,-34.539369
-58.383078,-34.539369
-58.380723,-34.539369
-58.378368,-34.539369
-58.376013,-34.539369
-58.373658,-34.539369
-58.371303,-34.539369
-58.368947,-34.539369
-58.366592,-34.539369
-58.364236,-34.539369
-58.361880,-34.539369
-58.359524,-34.539369
-58.357167,-34.539369
-58.354811,-34.539369
-58.352454,-34.539369
-58.538143,-34.534877
-58.535799,-34.534877
-58.533454,-34.534877
-58.531109,-34.534877
-58.528765,-34.534877
-58.526420,-34.534877
-58.524074,-34.534877
-58.521729,-34.534877
-58.519384,-34.534877
-58.517038,-34.534877
-58.514692,-34.534877
-58.512346,-34.534877
-58.510000,-34.534877
-58.507654,-34.534877
-58.505308,-34.534877
-58.502961,-34.534877
-58.500614,-34.534877
-58.498267,-34.534877
-58.495920,-34.534877
-58.493573,-34.534877
-58.491226,-34.534877
-58.488878,-34.534877
-58.486531,-34.534877
-58.484183,-34.534877
-58.481835,-34.534877
-58.479487,-34.534877
-58.477138,-34.534877
-58.474790,-34.534877
-58.472441,-34.534877
-58.470093,-34.534877
-58.467744,-34.534877
-58.465395,-34.534877
-58.463045,-34.534877
-58.460696,-34.534877
-58.458346,-34.534877
-58.455997,-34.534877
-58.453647,-34.534877
-58.451297,-34.534877
-58.448947,-34.534877
-58.446596,-34.534877
-58.444246,-34.534877
-58.441895,-34.534877
-58.439544,-34.534877
-58.437193,-34.534877
-58.434842,-34.534877
-58.432491,-34.534877
-58.430140,-34.534877
-58.427788,-34.534877
-58.425436,-34.534877
-58.423084,-34.534877
-58.420732,-34.534877
-58.418380,-34.534877
-58.416028,-34.534877
-58.413675,-34.534877
-58.411322,-34.534877
-58.408970,-34.534877
-58.406617,-34.534877
-58.404263,-34.534877
-58.401910,-34.534877
-58.399557,-34.534877
-58.397203,-34.534877
-58.394849,-34.534877
-58.392495,-34.534877
-58.390141,-34.534877
-58.387787,-34.534877
-58.385433,-34.534877
-58.383078,-34.534877
-58.380723,-34.534877
-58.378368,-34.534877
-58.376013,-34.534877
-58.373658,-34.534877
-58.371303,-34.534877
-58.368947,-34.534877
-58.366592,-34.534877
-58.364236,-34.534877
-58.361880,-34.534877
-58.359524,-34.534877
-58.357167,-34.534877
-58.354811,-34.534877
-58.352454,-34.534877
